<?xml version="1.0" encoding="UTF-8"?>
<GenRun Id="synth_1" LaunchPart="xc7z020clg484-1" LaunchTime="1747505609" LaunchIncrCheckpoint="$PSRCDIR/utils_1/imports/synth_1/full_adder.dcp">
  <File Type="VDS-TIMINGSUMMARY" Name="full_adder_timing_summary_synth.rpt"/>
  <File Type="RDS-DCP" Name="full_adder.dcp"/>
  <File Type="RDS-UTIL-PB" Name="full_adder_utilization_synth.pb"/>
  <File Type="RDS-UTIL" Name="full_adder_utilization_synth.rpt"/>
  <File Type="RDS-PROPCONSTRS" Name="full_adder_drc_synth.rpt"/>
  <File Type="RDS-RDS" Name="full_adder.vds"/>
  <File Type="REPORTS-TCL" Name="full_adder_reports.tcl"/>
  <File Type="VDS-TIMING-PB" Name="full_adder_timing_summary_synth.pb"/>
  <File Type="PA-TCL" Name="full_adder.tcl"/>
  <FileSet Name="sources" Type="DesignSrcs" RelSrcDir="$PSRCDIR/sources_1" RelGenDir="$PGENDIR/sources_1">
    <Filter Type="Srcs"/>
    <File Path="$PPRDIR/../code/adder.v">
      <FileInfo>
        <Attr Name="UsedIn" Val="synthesis"/>
        <Attr Name="UsedIn" Val="implementation"/>
        <Attr Name="UsedIn" Val="simulation"/>
      </FileInfo>
    </File>
    <Config>
      <Option Name="DesignMode" Val="RTL"/>
      <Option Name="TopModule" Val="full_adder"/>
      <Option Name="TopAutoSet" Val="TRUE"/>
    </Config>
  </FileSet>
  <FileSet Name="constrs_in" Type="Constrs" RelSrcDir="$PSRCDIR/constrs_1">
    <Filter Type="Constrs"/>
    <Config>
      <Option Name="ConstrsType" Val="XDC"/>
    </Config>
  </FileSet>
  <FileSet Name="utils" Type="Utils" RelSrcDir="$PSRCDIR/utils_1">
    <Filter Type="Utils"/>
    <File Path="$PSRCDIR/utils_1/imports/synth_1/full_adder.dcp">
      <FileInfo>
        <Attr Name="UsedIn" Val="synthesis"/>
        <Attr Name="UsedIn" Val="implementation"/>
        <Attr Name="UsedInSteps" Val="synth_1"/>
        <Attr Name="AutoDcp" Val="1"/>
      </FileInfo>
    </File>
    <Config>
      <Option Name="TopAutoSet" Val="TRUE"/>
    </Config>
  </FileSet>
  <Strategy Version="1" Minor="2">
    <StratHandle Name="Vivado Synthesis Defaults" Flow="Vivado Synthesis 2022">
      <Desc>Vivado Synthesis Defaults</Desc>
    </StratHandle>
    <Step Id="synth_design"/>
  </Strategy>
</GenRun>
